<?xml version='1.0' encoding='UTF-8'?>
<types:mule xmlns:types="http://www.mulesoft.org/schema/mule/types">
  <types:catalog>
    <types:type name="sampleEmpData" format="json">
      <types:shape format="weave" example="examples/sampleEmpData-1.json"><![CDATA[%dw 2.0

type sampleEmpData = {|
  firstName: String, 
  lastName: String, 
  age: Number {"typeId": "int"}, 
  location: String, 
  zipcode: Number {"typeId": "int"}
|} {"example": "{\\\"firstName\\\":\\\"manju\\\",\\\"lastName\\\":\\\"kaushik\\\",\\\"age\\\":30,\\\"location\\\":\\\"india\\\",\\\"zipcode\\\":123456}"}

]]></types:shape>
    </types:type>
    <types:type name="auto_027420c3-4b63-4767-8c36-054448c57fb6_Input-Payload" format="java">
      <types:shape format="weave" example="weave/autogenerated/027420c3-4b63-4767-8c36-054448c57fb6/Input-Payload.wev" autogeneratedOrigin="79c02c67-ed90-40b0-9259-0086cae9657b"><![CDATA[%dw 2.0

type auto_027420c3_4b63_4767_8c36_054448c57fb6_Input_Payload = Any

]]></types:shape>
    </types:type>
    <types:type name="auto_027420c3-4b63-4767-8c36-054448c57fb6_Input-Attributes" format="java">
      <types:shape format="weave" example="weave/autogenerated/027420c3-4b63-4767-8c36-054448c57fb6/Input-Attributes.wev" autogeneratedOrigin="79c02c67-ed90-40b0-9259-0086cae9657b"><![CDATA[%dw 2.0

type auto_027420c3_4b63_4767_8c36_054448c57fb6_Input_Attributes = {|
  listenerPath: String, 
  rawRequestPath: String, 
  relativePath: String, 
  maskedRequestPath: String, 
  version: String, 
  scheme: String, 
  method: String, 
  requestUri: String, 
  rawRequestUri: String, 
  queryString: String, 
  localAddress: String, 
  remoteAddress: String, 
  clientCertificate?: java_security_cert_Certificate, 
  queryParams: { _?: String }, 
  uriParams: { _?: String }, 
  requestPath: String, 
  headers: { _?: String }
|} {"typeAlias": "HttpRequestAttributes",
"typeId": "org.mule.extension.http.api.HttpRequestAttributes"}
type java_security_cert_Certificate = {|
  encoded?: Binary, 
  publicKey?: java_security_PublicKey, 
  "type"?: String
|} {"typeAlias": "Certificate",
"typeId": "java.security.cert.Certificate"}
type java_security_PublicKey = {|  |} {"typeAlias": "PublicKey",
"typeId": "java.security.PublicKey"}





]]></types:shape>
    </types:type>
    <types:type name="auto_027420c3-4b63-4767-8c36-054448c57fb6_Output-Payload" format="json">
      <types:shape format="weave" example="weave/autogenerated/027420c3-4b63-4767-8c36-054448c57fb6/Output-Payload.wev" autogeneratedOrigin="79c02c67-ed90-40b0-9259-0086cae9657b"><![CDATA[%dw 2.0

type auto_027420c3_4b63_4767_8c36_054448c57fb6_Output_Payload = {|
  errordetails: String | Null, 
  errorType: org_mule_runtime_api_message_ErrorType | Null
|}
type org_mule_runtime_api_message_ErrorType = {|
  identifier?: String, 
  namespace?: String, 
  parentErrorType?: org_mule_runtime_api_message_ErrorType
|} {"typeId": "org.mule.runtime.api.message.ErrorType"}



]]></types:shape>
    </types:type>
    <types:type name="auto_027420c3-4b63-4767-8c36-054448c57fb6_Output-Attributes" format="java">
      <types:shape format="weave" example="weave/autogenerated/027420c3-4b63-4767-8c36-054448c57fb6/Output-Attributes.wev" autogeneratedOrigin="79c02c67-ed90-40b0-9259-0086cae9657b"><![CDATA[%dw 2.0

type auto_027420c3_4b63_4767_8c36_054448c57fb6_Output_Attributes = {|
  listenerPath: String, 
  rawRequestPath: String, 
  relativePath: String, 
  maskedRequestPath: String, 
  version: String, 
  scheme: String, 
  method: String, 
  requestUri: String, 
  rawRequestUri: String, 
  queryString: String, 
  localAddress: String, 
  remoteAddress: String, 
  clientCertificate?: java_security_cert_Certificate, 
  queryParams: { _?: String }, 
  uriParams: { _?: String }, 
  requestPath: String, 
  headers: { _?: String }
|} {"typeAlias": "HttpRequestAttributes",
"typeId": "org.mule.extension.http.api.HttpRequestAttributes"}
type java_security_cert_Certificate = {|
  encoded?: Binary, 
  publicKey?: java_security_PublicKey, 
  "type"?: String
|} {"typeAlias": "Certificate",
"typeId": "java.security.cert.Certificate"}
type java_security_PublicKey = {|  |} {"typeAlias": "PublicKey",
"typeId": "java.security.PublicKey"}





]]></types:shape>
    </types:type>
    <types:type name="auto_debfa268-d91a-4bda-9a5e-871c30234b0e_Input-Payload" format="java">
      <types:shape format="weave" example="weave/autogenerated/debfa268-d91a-4bda-9a5e-871c30234b0e/Input-Payload.wev" autogeneratedOrigin="a57dc559-5395-4394-a86e-a246256f918f"><![CDATA[%dw 2.0

type auto_debfa268_d91a_4bda_9a5e_871c30234b0e_Input_Payload = Any

]]></types:shape>
    </types:type>
    <types:type name="auto_debfa268-d91a-4bda-9a5e-871c30234b0e_Input-Attributes" format="java">
      <types:shape format="weave" example="weave/autogenerated/debfa268-d91a-4bda-9a5e-871c30234b0e/Input-Attributes.wev" autogeneratedOrigin="a57dc559-5395-4394-a86e-a246256f918f"><![CDATA[%dw 2.0

type auto_debfa268_d91a_4bda_9a5e_871c30234b0e_Input_Attributes = {|
  listenerPath: String, 
  rawRequestPath: String, 
  relativePath: String, 
  maskedRequestPath: String, 
  version: String, 
  scheme: String, 
  method: String, 
  requestUri: String, 
  rawRequestUri: String, 
  queryString: String, 
  localAddress: String, 
  remoteAddress: String, 
  clientCertificate?: java_security_cert_Certificate, 
  queryParams: { _?: String }, 
  uriParams: { _?: String }, 
  requestPath: String, 
  headers: { _?: String }
|} {"typeAlias": "HttpRequestAttributes",
"typeId": "org.mule.extension.http.api.HttpRequestAttributes"}
type java_security_cert_Certificate = {|
  encoded?: Binary, 
  publicKey?: java_security_PublicKey, 
  "type"?: String
|} {"typeAlias": "Certificate",
"typeId": "java.security.cert.Certificate"}
type java_security_PublicKey = {|  |} {"typeAlias": "PublicKey",
"typeId": "java.security.PublicKey"}





]]></types:shape>
    </types:type>
    <types:type name="auto_debfa268-d91a-4bda-9a5e-871c30234b0e_Output-Payload" format="java">
      <types:shape format="weave" example="weave/autogenerated/debfa268-d91a-4bda-9a5e-871c30234b0e/Output-Payload.wev" autogeneratedOrigin="a57dc559-5395-4394-a86e-a246256f918f"><![CDATA[%dw 2.0

type auto_debfa268_d91a_4bda_9a5e_871c30234b0e_Output_Payload = Any

]]></types:shape>
    </types:type>
    <types:type name="auto_debfa268-d91a-4bda-9a5e-871c30234b0e_Output-Attributes" format="java">
      <types:shape format="weave" example="weave/autogenerated/debfa268-d91a-4bda-9a5e-871c30234b0e/Output-Attributes.wev" autogeneratedOrigin="a57dc559-5395-4394-a86e-a246256f918f"><![CDATA[%dw 2.0

type auto_debfa268_d91a_4bda_9a5e_871c30234b0e_Output_Attributes = {|
  listenerPath: String, 
  rawRequestPath: String, 
  relativePath: String, 
  maskedRequestPath: String, 
  version: String, 
  scheme: String, 
  method: String, 
  requestUri: String, 
  rawRequestUri: String, 
  queryString: String, 
  localAddress: String, 
  remoteAddress: String, 
  clientCertificate?: java_security_cert_Certificate, 
  queryParams: { _?: String }, 
  uriParams: { _?: String }, 
  requestPath: String, 
  headers: { _?: String }
|} {"typeAlias": "HttpRequestAttributes",
"typeId": "org.mule.extension.http.api.HttpRequestAttributes"}
type java_security_cert_Certificate = {|
  encoded?: Binary, 
  publicKey?: java_security_PublicKey, 
  "type"?: String
|} {"typeAlias": "Certificate",
"typeId": "java.security.cert.Certificate"}
type java_security_PublicKey = {|  |} {"typeAlias": "PublicKey",
"typeId": "java.security.PublicKey"}





]]></types:shape>
    </types:type>
    <types:type name="tempjson" format="json">
      <types:shape format="weave" example="examples/tmp.json"><![CDATA[%dw 2.0

type tempjson = {|
  field1: String, 
  field2: String, 
  field3: String
|} {"example": "{\\\"field1\\\":\\\"Manju\\\",\\\"field2\\\":\\\"Kaushik\\\",\\\"field3\\\":\\\"CS\\\"}"}

]]></types:shape>
    </types:type>
    <types:type name="auto_57499ca6-1f19-4288-81c9-0f5d1f420c1a_Input-Payload" format="java">
      <types:shape format="weave" example="weave/autogenerated/57499ca6-1f19-4288-81c9-0f5d1f420c1a/Input-Payload.wev" autogeneratedOrigin="172a968d-ad31-4b0f-a364-313dded2b269"><![CDATA[%dw 2.0

type auto_57499ca6_1f19_4288_81c9_0f5d1f420c1a_Input_Payload = Any

]]></types:shape>
    </types:type>
    <types:type name="auto_57499ca6-1f19-4288-81c9-0f5d1f420c1a_Input-Attributes" format="java">
      <types:shape format="weave" example="weave/autogenerated/57499ca6-1f19-4288-81c9-0f5d1f420c1a/Input-Attributes.wev" autogeneratedOrigin="172a968d-ad31-4b0f-a364-313dded2b269"><![CDATA[%dw 2.0

type auto_57499ca6_1f19_4288_81c9_0f5d1f420c1a_Input_Attributes = {|
  listenerPath: String, 
  rawRequestPath: String, 
  relativePath: String, 
  maskedRequestPath: String, 
  version: String, 
  scheme: String, 
  method: String, 
  requestUri: String, 
  rawRequestUri: String, 
  queryString: String, 
  localAddress: String, 
  remoteAddress: String, 
  clientCertificate?: java_security_cert_Certificate, 
  queryParams: { _?: String }, 
  uriParams: { _?: String }, 
  requestPath: String, 
  headers: { _?: String }
|} {"typeAlias": "HttpRequestAttributes",
"typeId": "org.mule.extension.http.api.HttpRequestAttributes"}
type java_security_cert_Certificate = {|
  encoded?: Binary, 
  publicKey?: java_security_PublicKey, 
  "type"?: String
|} {"typeAlias": "Certificate",
"typeId": "java.security.cert.Certificate"}
type java_security_PublicKey = {|  |} {"typeAlias": "PublicKey",
"typeId": "java.security.PublicKey"}





]]></types:shape>
    </types:type>
    <types:type name="auto_57499ca6-1f19-4288-81c9-0f5d1f420c1a_Output-Payload" format="json">
      <types:shape format="weave" example="weave/autogenerated/57499ca6-1f19-4288-81c9-0f5d1f420c1a/Output-Payload.wev" autogeneratedOrigin="172a968d-ad31-4b0f-a364-313dded2b269"><![CDATA[%dw 2.0

type auto_57499ca6_1f19_4288_81c9_0f5d1f420c1a_Output_Payload = Any

]]></types:shape>
    </types:type>
    <types:type name="auto_57499ca6-1f19-4288-81c9-0f5d1f420c1a_Output-Attributes" format="java">
      <types:shape format="weave" example="weave/autogenerated/57499ca6-1f19-4288-81c9-0f5d1f420c1a/Output-Attributes.wev" autogeneratedOrigin="172a968d-ad31-4b0f-a364-313dded2b269"><![CDATA[%dw 2.0

type auto_57499ca6_1f19_4288_81c9_0f5d1f420c1a_Output_Attributes = {|
  statusCode: Number, 
  reasonPhrase: String, 
  headers: { _?: String }
|} {"typeAlias": "HttpResponseAttributes",
"typeId": "org.mule.extension.http.api.HttpResponseAttributes"}

]]></types:shape>
    </types:type>
    <types:type name="auto_3e2b8051-d4ce-437d-b3d5-eed9934471e6_Input-Payload" format="json">
      <types:shape format="weave" example="weave/autogenerated/3e2b8051-d4ce-437d-b3d5-eed9934471e6/Input-Payload.wev" autogeneratedOrigin="79e0bc76-0ce9-4892-98f3-18095dd3d181"><![CDATA[%dw 2.0

type auto_3e2b8051_d4ce_437d_b3d5_eed9934471e6_Input_Payload = Any

]]></types:shape>
    </types:type>
    <types:type name="auto_3e2b8051-d4ce-437d-b3d5-eed9934471e6_Input-Attributes" format="java">
      <types:shape format="weave" example="weave/autogenerated/3e2b8051-d4ce-437d-b3d5-eed9934471e6/Input-Attributes.wev" autogeneratedOrigin="79e0bc76-0ce9-4892-98f3-18095dd3d181"><![CDATA[%dw 2.0

type auto_3e2b8051_d4ce_437d_b3d5_eed9934471e6_Input_Attributes = {|
  statusCode: Number, 
  reasonPhrase: String, 
  headers: { _?: String }
|} {"typeAlias": "HttpResponseAttributes",
"typeId": "org.mule.extension.http.api.HttpResponseAttributes"}

]]></types:shape>
    </types:type>
    <types:type name="auto_3e2b8051-d4ce-437d-b3d5-eed9934471e6_Output-Payload" format="json">
      <types:shape format="weave" example="weave/autogenerated/3e2b8051-d4ce-437d-b3d5-eed9934471e6/Output-Payload.wev" autogeneratedOrigin="79e0bc76-0ce9-4892-98f3-18095dd3d181"><![CDATA[%dw 2.0

type auto_3e2b8051_d4ce_437d_b3d5_eed9934471e6_Output_Payload = Any

]]></types:shape>
    </types:type>
    <types:type name="auto_3e2b8051-d4ce-437d-b3d5-eed9934471e6_Output-Attributes" format="java">
      <types:shape format="weave" example="weave/autogenerated/3e2b8051-d4ce-437d-b3d5-eed9934471e6/Output-Attributes.wev" autogeneratedOrigin="79e0bc76-0ce9-4892-98f3-18095dd3d181"><![CDATA[%dw 2.0

type auto_3e2b8051_d4ce_437d_b3d5_eed9934471e6_Output_Attributes = {|
  statusCode: Number, 
  reasonPhrase: String, 
  headers: { _?: String }
|} {"typeAlias": "HttpResponseAttributes",
"typeId": "org.mule.extension.http.api.HttpResponseAttributes"}

]]></types:shape>
    </types:type>
    <types:type name="auto_3e2b8051-d4ce-437d-b3d5-eed9934471e6_Output-Variables-abstractFlow" format="java">
      <types:shape format="raml" autogeneratedOrigin="79e0bc76-0ce9-4892-98f3-18095dd3d181"><![CDATA[#%RAML 1.0 DataType
type: string]]></types:shape>
    </types:type>
  </types:catalog>
  <types:enrichment select="#f942523c-89ef-4a38-b1f9-d5d9240f35bd">
    <types:processor-declaration>
      <types:input-event>
        <types:message>
          <types:payload type="sampleEmpData"/>
        </types:message>
      </types:input-event>
    </types:processor-declaration>
  </types:enrichment>
  <types:enrichment select="#027420c3-4b63-4767-8c36-054448c57fb6">
    <types:processor-declaration>
      <types:input-event>
        <types:message>
          <types:payload type="auto_027420c3-4b63-4767-8c36-054448c57fb6_Input-Payload"/>
          <types:attributes type="auto_027420c3-4b63-4767-8c36-054448c57fb6_Input-Attributes"/>
        </types:message>
      </types:input-event>
      <types:output-event>
        <types:message>
          <types:payload type="auto_027420c3-4b63-4767-8c36-054448c57fb6_Output-Payload"/>
          <types:attributes type="auto_027420c3-4b63-4767-8c36-054448c57fb6_Output-Attributes"/>
        </types:message>
      </types:output-event>
    </types:processor-declaration>
  </types:enrichment>
  <types:enrichment select="#debfa268-d91a-4bda-9a5e-871c30234b0e">
    <types:processor-declaration>
      <types:input-event>
        <types:message>
          <types:payload type="auto_debfa268-d91a-4bda-9a5e-871c30234b0e_Input-Payload"/>
          <types:attributes type="auto_debfa268-d91a-4bda-9a5e-871c30234b0e_Input-Attributes"/>
        </types:message>
      </types:input-event>
      <types:output-event>
        <types:message>
          <types:payload type="auto_debfa268-d91a-4bda-9a5e-871c30234b0e_Output-Payload"/>
          <types:attributes type="auto_debfa268-d91a-4bda-9a5e-871c30234b0e_Output-Attributes"/>
        </types:message>
      </types:output-event>
    </types:processor-declaration>
  </types:enrichment>
  <types:enrichment select="#372cc35d-5d38-418d-b2ae-c161c841ff59">
    <types:processor-declaration>
      <types:input-event>
        <types:message>
          <types:payload type="tempjson"/>
        </types:message>
      </types:input-event>
    </types:processor-declaration>
  </types:enrichment>
  <types:enrichment select="#57499ca6-1f19-4288-81c9-0f5d1f420c1a">
    <types:processor-declaration>
      <types:input-event>
        <types:message>
          <types:payload type="auto_57499ca6-1f19-4288-81c9-0f5d1f420c1a_Input-Payload"/>
          <types:attributes type="auto_57499ca6-1f19-4288-81c9-0f5d1f420c1a_Input-Attributes"/>
        </types:message>
      </types:input-event>
      <types:output-event>
        <types:message>
          <types:payload type="auto_57499ca6-1f19-4288-81c9-0f5d1f420c1a_Output-Payload"/>
          <types:attributes type="auto_57499ca6-1f19-4288-81c9-0f5d1f420c1a_Output-Attributes"/>
        </types:message>
      </types:output-event>
    </types:processor-declaration>
  </types:enrichment>
  <types:enrichment select="#3e2b8051-d4ce-437d-b3d5-eed9934471e6">
    <types:processor-declaration>
      <types:input-event>
        <types:message>
          <types:payload type="auto_3e2b8051-d4ce-437d-b3d5-eed9934471e6_Input-Payload"/>
          <types:attributes type="auto_3e2b8051-d4ce-437d-b3d5-eed9934471e6_Input-Attributes"/>
        </types:message>
      </types:input-event>
      <types:output-event>
        <types:message>
          <types:payload type="auto_3e2b8051-d4ce-437d-b3d5-eed9934471e6_Output-Payload"/>
          <types:attributes type="auto_3e2b8051-d4ce-437d-b3d5-eed9934471e6_Output-Attributes"/>
        </types:message>
        <types:variables>
          <types:variable name="abstractFlow" type="auto_3e2b8051-d4ce-437d-b3d5-eed9934471e6_Output-Variables-abstractFlow"/>
        </types:variables>
      </types:output-event>
    </types:processor-declaration>
  </types:enrichment>
  <types:enrichment select="#66d1f3c3-8a8d-47f0-8ceb-49acac8183f6"/>
  <types:enrichment select="#2aba0878-1715-4078-a9d3-e9dbf4e66942"/>
  <types:enrichment select="#84ce855f-cc1f-4245-8638-02c063ab07c3"/>
  <types:enrichment select="#9b06e9e8-9c36-4d15-8b3e-5a74a957dcb2"/>
</types:mule>