<?xml version="1.0" encoding="UTF-8"?>

<mule xmlns:ee="http://www.mulesoft.org/schema/mule/ee/core" xmlns="http://www.mulesoft.org/schema/mule/core"
	xmlns:doc="http://www.mulesoft.org/schema/mule/documentation"
	xmlns:xsi="http://www.w3.org/2001/XMLSchema-instance" xsi:schemaLocation="http://www.mulesoft.org/schema/mule/core http://www.mulesoft.org/schema/mule/core/current/mule.xsd
http://www.mulesoft.org/schema/mule/ee/core http://www.mulesoft.org/schema/mule/ee/core/current/mule-ee.xsd">
	<flow name="addSubOperations" doc:id="7ea303f6-377a-4eb5-80c3-e806fd780722" >
		<ee:transform doc:name="BasicMathOperations" doc:id="fe030a25-baa4-4ca8-8d55-7c574d037abd" >
			<ee:message >
				<ee:set-payload ><![CDATA[%dw 2.0
output application/xml
---
n1:{
	"add": 2+2,
	"sub": 2-2,
	"mul": 2*2,
	"div": 45/98,
	"arrayAdd": [1,2,3] -1 +4,
	"objectAdd": {
		key1: 1,
		key2: 2,
		key3: 3
	} - "key1"
}]]></ee:set-payload>
			</ee:message>
		</ee:transform>
	</flow>
	<flow name="Operators" doc:id="45d31c5d-0cd1-458c-ac11-6c72760e4a00" >
		<ee:transform doc:name="Equality_Realtional_Operator" doc:id="116c3828-e906-4541-8593-00f970b90e09" >
			<ee:message >
				<ee:set-payload ><![CDATA[%dw 2.0
output application/dw

---
{
	"k1": 1 < 1,
	"k2": 1 <= -8,
	"k3": 56 > 98,
	"k4": 876 >= 876.0,
	"k5": 1 == 1,
	"k6": "manju" == "manju",
	"k7": "45" ~= 45
}]]></ee:set-payload>
			</ee:message>
		</ee:transform>
		<ee:transform doc:name="Logical_Operators" doc:id="6160c972-cb93-4f7a-b5d6-43de9a5083c2" >
			<ee:message >
				<ee:set-payload ><![CDATA[%dw 2.0
output application/dw
---
{
	"andOperator":{
		
		"k1": true and true,
		"k2": true and false,
		"k3": false and false,
		"k4": false and true,
		"k5": (1+1 == 2) and (10+10 == 50),
		"k6": (10/20 == 0.5) and (1*4 == 9)
		
	},
	
	"oROperator":{
		
		"k1": true or true,
		"k2": true or false,
		"k3": false or false,
		"k4": false or true,
		"k5": (1+1 == 3) or (10+10 == 50),
		"k6": (10/20 == 0.5) or (1*4 == 9)
		
	},
	
	"notOperator":{
		
		"K1": not true,
		"K2": not false,
		"k3": not ((1+1 == 3) or (10+10 == 50)),
		"k4": not ((10/20 == 0.5) or (1*4 == 9))
		
	},
	
	"!=Operator":{
		
		"K1": !true,
		"K2": !false,
		"k3": !((1+1 == 3) or (10+10 == 50)),
		"k4": !((10/20 == 0.5) or (1*4 == 9))
		
	},
	
	"combineNot!":{
		
		"k1": not true or true,
		"k2": ! true or true,
		"k3": ! true or ! true,
		"k4": !(true or true)
		
	}
}]]></ee:set-payload>
			</ee:message>
		</ee:transform>
	</flow>
</mule>
